<ForceField>
<AtomTypes>
<Type name="opls_800" class="H800" element="H" mass="1.008000" />
<Type name="opls_802" class="H802" element="H" mass="1.008000" />
<Type name="opls_804" class="N804" element="N" mass="14.007000" />
<Type name="opls_819" class="H819" element="H" mass="1.008000" />
<Type name="opls_821" class="H821" element="H" mass="1.008000" />
<Type name="opls_806" class="H806" element="H" mass="1.008000" />
<Type name="opls_811" class="H811" element="H" mass="1.008000" />
<Type name="opls_801" class="C801" element="C" mass="12.011000" />
<Type name="opls_805" class="C805" element="C" mass="12.011000" />
<Type name="opls_820" class="H820" element="H" mass="1.008000" />
<Type name="opls_813" class="H813" element="H" mass="1.008000" />
<Type name="opls_809" class="H809" element="H" mass="1.008000" />
<Type name="opls_816" class="H816" element="H" mass="1.008000" />
<Type name="opls_812" class="C812" element="C" mass="12.011000" />
<Type name="opls_817" class="H817" element="H" mass="1.008000" />
<Type name="opls_808" class="C808" element="C" mass="12.011000" />
<Type name="opls_818" class="C818" element="C" mass="12.011000" />
<Type name="opls_807" class="N807" element="N" mass="14.007000" />
<Type name="opls_815" class="C815" element="C" mass="12.011000" />
<Type name="opls_803" class="H803" element="H" mass="1.008000" />
<Type name="opls_814" class="H814" element="H" mass="1.008000" />
<Type name="opls_810" class="C810" element="C" mass="12.011000" />
</AtomTypes>
<Residues>
<Residue name="UNL">
<Atom name="H00" type="opls_800" />
<Atom name="C01" type="opls_801" />
<Atom name="H02" type="opls_802" />
<Atom name="H03" type="opls_803" />
<Atom name="N04" type="opls_804" />
<Atom name="C05" type="opls_805" />
<Atom name="H06" type="opls_806" />
<Atom name="N07" type="opls_807" />
<Atom name="C08" type="opls_808" />
<Atom name="H09" type="opls_809" />
<Atom name="C0A" type="opls_810" />
<Atom name="H0B" type="opls_811" />
<Atom name="C0C" type="opls_812" />
<Atom name="H0D" type="opls_813" />
<Atom name="H0E" type="opls_814" />
<Atom name="C0F" type="opls_815" />
<Atom name="H0G" type="opls_816" />
<Atom name="H0H" type="opls_817" />
<Atom name="C0I" type="opls_818" />
<Atom name="H0J" type="opls_819" />
<Atom name="H0K" type="opls_820" />
<Atom name="H0M" type="opls_821" />
<Bond from="0" to="1"/>
<Bond from="1" to="2"/>
<Bond from="1" to="3"/>
<Bond from="1" to="4"/>
<Bond from="4" to="5"/>
<Bond from="5" to="6"/>
<Bond from="5" to="7"/>
<Bond from="4" to="8"/>
<Bond from="8" to="9"/>
<Bond from="7" to="10"/>
<Bond from="10" to="11"/>
<Bond from="7" to="12"/>
<Bond from="12" to="13"/>
<Bond from="12" to="14"/>
<Bond from="12" to="15"/>
<Bond from="15" to="16"/>
<Bond from="15" to="17"/>
<Bond from="15" to="18"/>
<Bond from="18" to="19"/>
<Bond from="18" to="20"/>
<Bond from="18" to="21"/>
<Bond from="8" to="10"/>
</Residue>
</Residues>
<HarmonicBondForce>
<Bond class1="C801" class2="H800" length="0.109000" k="284512.000000"/>
<Bond class1="H802" class2="C801" length="0.109000" k="284512.000000"/>
<Bond class1="H803" class2="C801" length="0.109000" k="284512.000000"/>
<Bond class1="N804" class2="C801" length="0.147500" k="282001.600000"/>
<Bond class1="C805" class2="N804" length="0.134300" k="399153.600000"/>
<Bond class1="H806" class2="C805" length="0.108000" k="307105.600000"/>
<Bond class1="N807" class2="C805" length="0.134300" k="399153.600000"/>
<Bond class1="C808" class2="N804" length="0.138100" k="357313.600000"/>
<Bond class1="H809" class2="C808" length="0.108000" k="307105.600000"/>
<Bond class1="C810" class2="N807" length="0.138100" k="357313.600000"/>
<Bond class1="H811" class2="C810" length="0.108000" k="307105.600000"/>
<Bond class1="C812" class2="N807" length="0.147500" k="282001.600000"/>
<Bond class1="H813" class2="C812" length="0.109000" k="284512.000000"/>
<Bond class1="H814" class2="C812" length="0.109000" k="284512.000000"/>
<Bond class1="C815" class2="C812" length="0.152900" k="224262.400000"/>
<Bond class1="H816" class2="C815" length="0.109000" k="284512.000000"/>
<Bond class1="H817" class2="C815" length="0.109000" k="284512.000000"/>
<Bond class1="C818" class2="C815" length="0.152900" k="224262.400000"/>
<Bond class1="H819" class2="C818" length="0.109000" k="284512.000000"/>
<Bond class1="H820" class2="C818" length="0.109000" k="284512.000000"/>
<Bond class1="H821" class2="C818" length="0.109000" k="284512.000000"/>
<Bond class1="C810" class2="C808" length="0.137500" k="428441.600000"/>
</HarmonicBondForce>
<HarmonicAngleForce>
<Angle class1="H800" class2="C801" class3="H802" angle="1.881465" k="276.144000"/>
<Angle class1="H800" class2="C801" class3="H803" angle="1.881465" k="276.144000"/>
<Angle class1="H800" class2="C801" class3="N804" angle="1.911136" k="292.880000"/>
<Angle class1="C801" class2="N804" class3="C805" angle="1.961750" k="527.184000"/>
<Angle class1="N804" class2="C805" class3="H806" angle="2.094395" k="292.880000"/>
<Angle class1="N804" class2="C805" class3="N807" angle="2.094395" k="585.760000"/>
<Angle class1="C801" class2="N804" class3="C808" angle="1.961750" k="527.184000"/>
<Angle class1="N804" class2="C808" class3="H809" angle="2.122320" k="292.880000"/>
<Angle class1="C805" class2="N807" class3="C810" angle="1.916372" k="585.760000"/>
<Angle class1="N807" class2="C810" class3="H811" angle="2.122320" k="292.880000"/>
<Angle class1="C805" class2="N807" class3="C812" angle="1.961750" k="527.184000"/>
<Angle class1="N807" class2="C812" class3="H813" angle="1.911136" k="292.880000"/>
<Angle class1="N807" class2="C812" class3="H814" angle="1.911136" k="292.880000"/>
<Angle class1="N807" class2="C812" class3="C815" angle="1.929985" k="432.207200"/>
<Angle class1="C812" class2="C815" class3="H816" angle="1.932079" k="313.800000"/>
<Angle class1="C812" class2="C815" class3="H817" angle="1.932079" k="313.800000"/>
<Angle class1="C812" class2="C815" class3="C818" angle="1.966986" k="488.272800"/>
<Angle class1="C815" class2="C818" class3="H819" angle="1.932079" k="313.800000"/>
<Angle class1="C815" class2="C818" class3="H820" angle="1.932079" k="313.800000"/>
<Angle class1="C815" class2="C818" class3="H821" angle="1.932079" k="313.800000"/>
<Angle class1="N807" class2="C810" class3="C808" angle="2.094395" k="585.760000"/>
<Angle class1="H819" class2="C818" class3="H820" angle="1.881465" k="276.144000"/>
<Angle class1="H814" class2="C812" class3="C815" angle="1.932079" k="313.800000"/>
<Angle class1="C810" class2="N807" class3="C812" angle="1.961750" k="527.184000"/>
<Angle class1="H817" class2="C815" class3="C818" angle="1.932079" k="313.800000"/>
<Angle class1="C808" class2="C810" class3="H811" angle="2.281145" k="292.880000"/>
<Angle class1="H819" class2="C818" class3="H821" angle="1.881465" k="276.144000"/>
<Angle class1="H813" class2="C812" class3="H814" angle="1.881465" k="276.144000"/>
<Angle class1="H816" class2="C815" class3="H817" angle="1.881465" k="276.144000"/>
<Angle class1="N804" class2="C808" class3="C810" angle="2.094395" k="585.760000"/>
<Angle class1="H802" class2="C801" class3="H803" angle="1.881465" k="276.144000"/>
<Angle class1="H802" class2="C801" class3="N804" angle="1.911136" k="292.880000"/>
<Angle class1="H803" class2="C801" class3="N804" angle="1.911136" k="292.880000"/>
<Angle class1="H820" class2="C818" class3="H821" angle="1.881465" k="276.144000"/>
<Angle class1="H806" class2="C805" class3="N807" angle="2.094395" k="292.880000"/>
<Angle class1="H809" class2="C808" class3="C810" angle="2.281145" k="292.880000"/>
<Angle class1="C805" class2="N804" class3="C808" angle="1.916372" k="585.760000"/>
<Angle class1="H813" class2="C812" class3="C815" angle="1.932079" k="313.800000"/>
<Angle class1="H816" class2="C815" class3="C818" angle="1.932079" k="313.800000"/>
</HarmonicAngleForce>
<PeriodicTorsionForce>
<Proper class1="C805" class2="N804" class3="C801" class4="H800" k1="0.000000" k2="0.000000" k3="0.000000" k4="0.000000" periodicity1="1" periodicity2="2" periodicity3="3" periodicity4="4" phase1="0.00" phase2="3.141592653589793" phase3="0.00" phase4="3.141592653589793"/>
<Proper class1="C805" class2="N804" class3="C801" class4="H802" k1="0.000000" k2="0.000000" k3="0.000000" k4="0.000000" periodicity1="1" periodicity2="2" periodicity3="3" periodicity4="4" phase1="0.00" phase2="3.141592653589793" phase3="0.00" phase4="3.141592653589793"/>
<Proper class1="C805" class2="N804" class3="C801" class4="H803" k1="0.000000" k2="0.000000" k3="0.000000" k4="0.000000" periodicity1="1" periodicity2="2" periodicity3="3" periodicity4="4" phase1="0.00" phase2="3.141592653589793" phase3="0.00" phase4="3.141592653589793"/>
<Proper class1="C808" class2="C810" class3="N807" class4="C805" k1="0.000000" k2="10.460000" k3="0.000000" k4="0.000000" periodicity1="1" periodicity2="2" periodicity3="3" periodicity4="4" phase1="0.00" phase2="3.141592653589793" phase3="0.00" phase4="3.141592653589793"/>
<Proper class1="C808" class2="N804" class3="C801" class4="H800" k1="0.000000" k2="0.000000" k3="0.000000" k4="0.000000" periodicity1="1" periodicity2="2" periodicity3="3" periodicity4="4" phase1="0.00" phase2="3.141592653589793" phase3="0.00" phase4="3.141592653589793"/>
<Proper class1="C808" class2="N804" class3="C801" class4="H802" k1="0.000000" k2="0.000000" k3="0.000000" k4="0.000000" periodicity1="1" periodicity2="2" periodicity3="3" periodicity4="4" phase1="0.00" phase2="3.141592653589793" phase3="0.00" phase4="3.141592653589793"/>
<Proper class1="C808" class2="N804" class3="C801" class4="H803" k1="0.000000" k2="0.000000" k3="0.000000" k4="0.000000" periodicity1="1" periodicity2="2" periodicity3="3" periodicity4="4" phase1="0.00" phase2="3.141592653589793" phase3="0.00" phase4="3.141592653589793"/>
<Proper class1="C808" class2="N804" class3="C805" class4="H806" k1="0.000000" k2="20.920000" k3="0.000000" k4="0.000000" periodicity1="1" periodicity2="2" periodicity3="3" periodicity4="4" phase1="0.00" phase2="3.141592653589793" phase3="0.00" phase4="3.141592653589793"/>
<Proper class1="C808" class2="N804" class3="C805" class4="N807" k1="0.000000" k2="20.920000" k3="0.000000" k4="0.000000" periodicity1="1" periodicity2="2" periodicity3="3" periodicity4="4" phase1="0.00" phase2="3.141592653589793" phase3="0.00" phase4="3.141592653589793"/>
<Proper class1="C810" class2="C808" class3="N804" class4="C801" k1="0.000000" k2="10.460000" k3="0.000000" k4="0.000000" periodicity1="1" periodicity2="2" periodicity3="3" periodicity4="4" phase1="0.00" phase2="3.141592653589793" phase3="0.00" phase4="3.141592653589793"/>
<Proper class1="C810" class2="C808" class3="N804" class4="C805" k1="0.000000" k2="10.460000" k3="0.000000" k4="0.000000" periodicity1="1" periodicity2="2" periodicity3="3" periodicity4="4" phase1="0.00" phase2="3.141592653589793" phase3="0.00" phase4="3.141592653589793"/>
<Proper class1="C810" class2="N807" class3="C805" class4="H806" k1="0.000000" k2="20.920000" k3="0.000000" k4="0.000000" periodicity1="1" periodicity2="2" periodicity3="3" periodicity4="4" phase1="0.00" phase2="3.141592653589793" phase3="0.00" phase4="3.141592653589793"/>
<Proper class1="C810" class2="N807" class3="C805" class4="N804" k1="0.000000" k2="20.920000" k3="0.000000" k4="0.000000" periodicity1="1" periodicity2="2" periodicity3="3" periodicity4="4" phase1="0.00" phase2="3.141592653589793" phase3="0.00" phase4="3.141592653589793"/>
<Proper class1="C812" class2="N807" class3="C805" class4="H806" k1="0.000000" k2="20.920000" k3="0.000000" k4="0.000000" periodicity1="1" periodicity2="2" periodicity3="3" periodicity4="4" phase1="0.00" phase2="3.141592653589793" phase3="0.00" phase4="3.141592653589793"/>
<Proper class1="C812" class2="N807" class3="C805" class4="N804" k1="0.000000" k2="20.920000" k3="0.000000" k4="0.000000" periodicity1="1" periodicity2="2" periodicity3="3" periodicity4="4" phase1="0.00" phase2="3.141592653589793" phase3="0.00" phase4="3.141592653589793"/>
<Proper class1="C812" class2="N807" class3="C810" class4="C808" k1="0.000000" k2="10.460000" k3="0.000000" k4="0.000000" periodicity1="1" periodicity2="2" periodicity3="3" periodicity4="4" phase1="0.00" phase2="3.141592653589793" phase3="0.00" phase4="3.141592653589793"/>
<Proper class1="C812" class2="N807" class3="C810" class4="H811" k1="0.000000" k2="10.460000" k3="0.000000" k4="0.000000" periodicity1="1" periodicity2="2" periodicity3="3" periodicity4="4" phase1="0.00" phase2="3.141592653589793" phase3="0.00" phase4="3.141592653589793"/>
<Proper class1="C815" class2="C812" class3="N807" class4="C805" k1="-2.092000" k2="-0.732200" k3="0.000000" k4="0.000000" periodicity1="1" periodicity2="2" periodicity3="3" periodicity4="4" phase1="0.00" phase2="3.141592653589793" phase3="0.00" phase4="3.141592653589793"/>
<Proper class1="C815" class2="C812" class3="N807" class4="C810" k1="2.092000" k2="-0.732200" k3="0.000000" k4="0.000000" periodicity1="1" periodicity2="2" periodicity3="3" periodicity4="4" phase1="0.00" phase2="3.141592653589793" phase3="0.00" phase4="3.141592653589793"/>
<Proper class1="C818" class2="C815" class3="C812" class4="H813" k1="0.000000" k2="0.000000" k3="0.627600" k4="0.000000" periodicity1="1" periodicity2="2" periodicity3="3" periodicity4="4" phase1="0.00" phase2="3.141592653589793" phase3="0.00" phase4="3.141592653589793"/>
<Proper class1="C818" class2="C815" class3="C812" class4="H814" k1="0.000000" k2="0.000000" k3="0.627600" k4="0.000000" periodicity1="1" periodicity2="2" periodicity3="3" periodicity4="4" phase1="0.00" phase2="3.141592653589793" phase3="0.00" phase4="3.141592653589793"/>
<Proper class1="C818" class2="C815" class3="C812" class4="N807" k1="5.004064" k2="-1.410008" k3="1.150600" k4="0.000000" periodicity1="1" periodicity2="2" periodicity3="3" periodicity4="4" phase1="0.00" phase2="3.141592653589793" phase3="0.00" phase4="3.141592653589793"/>
<Proper class1="H806" class2="C805" class3="N804" class4="C801" k1="0.000000" k2="20.920000" k3="0.000000" k4="0.000000" periodicity1="1" periodicity2="2" periodicity3="3" periodicity4="4" phase1="0.00" phase2="3.141592653589793" phase3="0.00" phase4="3.141592653589793"/>
<Proper class1="H809" class2="C808" class3="C810" class4="N807" k1="0.000000" k2="22.489000" k3="0.000000" k4="0.000000" periodicity1="1" periodicity2="2" periodicity3="3" periodicity4="4" phase1="0.00" phase2="3.141592653589793" phase3="0.00" phase4="3.141592653589793"/>
<Proper class1="H809" class2="C808" class3="N804" class4="C801" k1="0.000000" k2="10.460000" k3="0.000000" k4="0.000000" periodicity1="1" periodicity2="2" periodicity3="3" periodicity4="4" phase1="0.00" phase2="3.141592653589793" phase3="0.00" phase4="3.141592653589793"/>
<Proper class1="H809" class2="C808" class3="N804" class4="C805" k1="0.000000" k2="10.460000" k3="0.000000" k4="0.000000" periodicity1="1" periodicity2="2" periodicity3="3" periodicity4="4" phase1="0.00" phase2="3.141592653589793" phase3="0.00" phase4="3.141592653589793"/>
<Proper class1="H811" class2="C810" class3="C808" class4="H809" k1="0.000000" k2="22.489000" k3="0.000000" k4="0.000000" periodicity1="1" periodicity2="2" periodicity3="3" periodicity4="4" phase1="0.00" phase2="3.141592653589793" phase3="0.00" phase4="3.141592653589793"/>
<Proper class1="H811" class2="C810" class3="C808" class4="N804" k1="0.000000" k2="22.489000" k3="0.000000" k4="0.000000" periodicity1="1" periodicity2="2" periodicity3="3" periodicity4="4" phase1="0.00" phase2="3.141592653589793" phase3="0.00" phase4="3.141592653589793"/>
<Proper class1="H811" class2="C810" class3="N807" class4="C805" k1="0.000000" k2="10.460000" k3="0.000000" k4="0.000000" periodicity1="1" periodicity2="2" periodicity3="3" periodicity4="4" phase1="0.00" phase2="3.141592653589793" phase3="0.00" phase4="3.141592653589793"/>
<Proper class1="H813" class2="C812" class3="N807" class4="C805" k1="0.000000" k2="0.000000" k3="0.000000" k4="0.000000" periodicity1="1" periodicity2="2" periodicity3="3" periodicity4="4" phase1="0.00" phase2="3.141592653589793" phase3="0.00" phase4="3.141592653589793"/>
<Proper class1="H813" class2="C812" class3="N807" class4="C810" k1="0.000000" k2="0.000000" k3="0.000000" k4="0.000000" periodicity1="1" periodicity2="2" periodicity3="3" periodicity4="4" phase1="0.00" phase2="3.141592653589793" phase3="0.00" phase4="3.141592653589793"/>
<Proper class1="H814" class2="C812" class3="N807" class4="C805" k1="0.000000" k2="0.000000" k3="0.000000" k4="0.000000" periodicity1="1" periodicity2="2" periodicity3="3" periodicity4="4" phase1="0.00" phase2="3.141592653589793" phase3="0.00" phase4="3.141592653589793"/>
<Proper class1="H814" class2="C812" class3="N807" class4="C810" k1="0.000000" k2="0.000000" k3="0.000000" k4="0.000000" periodicity1="1" periodicity2="2" periodicity3="3" periodicity4="4" phase1="0.00" phase2="3.141592653589793" phase3="0.00" phase4="3.141592653589793"/>
<Proper class1="H816" class2="C815" class3="C812" class4="H813" k1="0.000000" k2="0.000000" k3="0.627600" k4="0.000000" periodicity1="1" periodicity2="2" periodicity3="3" periodicity4="4" phase1="0.00" phase2="3.141592653589793" phase3="0.00" phase4="3.141592653589793"/>
<Proper class1="H816" class2="C815" class3="C812" class4="H814" k1="0.000000" k2="0.000000" k3="0.627600" k4="0.000000" periodicity1="1" periodicity2="2" periodicity3="3" periodicity4="4" phase1="0.00" phase2="3.141592653589793" phase3="0.00" phase4="3.141592653589793"/>
<Proper class1="H816" class2="C815" class3="C812" class4="N807" k1="-2.119196" k2="-1.483228" k3="0.989516" k4="0.000000" periodicity1="1" periodicity2="2" periodicity3="3" periodicity4="4" phase1="0.00" phase2="3.141592653589793" phase3="0.00" phase4="3.141592653589793"/>
<Proper class1="H817" class2="C815" class3="C812" class4="H813" k1="0.000000" k2="0.000000" k3="0.627600" k4="0.000000" periodicity1="1" periodicity2="2" periodicity3="3" periodicity4="4" phase1="0.00" phase2="3.141592653589793" phase3="0.00" phase4="3.141592653589793"/>
<Proper class1="H817" class2="C815" class3="C812" class4="H814" k1="0.000000" k2="0.000000" k3="0.627600" k4="0.000000" periodicity1="1" periodicity2="2" periodicity3="3" periodicity4="4" phase1="0.00" phase2="3.141592653589793" phase3="0.00" phase4="3.141592653589793"/>
<Proper class1="H817" class2="C815" class3="C812" class4="N807" k1="-2.119196" k2="-1.483228" k3="0.989516" k4="0.000000" periodicity1="1" periodicity2="2" periodicity3="3" periodicity4="4" phase1="0.00" phase2="3.141592653589793" phase3="0.00" phase4="3.141592653589793"/>
<Proper class1="H819" class2="C818" class3="C815" class4="C812" k1="0.000000" k2="0.000000" k3="0.627600" k4="0.000000" periodicity1="1" periodicity2="2" periodicity3="3" periodicity4="4" phase1="0.00" phase2="3.141592653589793" phase3="0.00" phase4="3.141592653589793"/>
<Proper class1="H819" class2="C818" class3="C815" class4="H816" k1="0.000000" k2="0.000000" k3="0.627600" k4="0.000000" periodicity1="1" periodicity2="2" periodicity3="3" periodicity4="4" phase1="0.00" phase2="3.141592653589793" phase3="0.00" phase4="3.141592653589793"/>
<Proper class1="H819" class2="C818" class3="C815" class4="H817" k1="0.000000" k2="0.000000" k3="0.627600" k4="0.000000" periodicity1="1" periodicity2="2" periodicity3="3" periodicity4="4" phase1="0.00" phase2="3.141592653589793" phase3="0.00" phase4="3.141592653589793"/>
<Proper class1="H820" class2="C818" class3="C815" class4="C812" k1="0.000000" k2="0.000000" k3="0.627600" k4="0.000000" periodicity1="1" periodicity2="2" periodicity3="3" periodicity4="4" phase1="0.00" phase2="3.141592653589793" phase3="0.00" phase4="3.141592653589793"/>
<Proper class1="H820" class2="C818" class3="C815" class4="H816" k1="0.000000" k2="0.000000" k3="0.627600" k4="0.000000" periodicity1="1" periodicity2="2" periodicity3="3" periodicity4="4" phase1="0.00" phase2="3.141592653589793" phase3="0.00" phase4="3.141592653589793"/>
<Proper class1="H820" class2="C818" class3="C815" class4="H817" k1="0.000000" k2="0.000000" k3="0.627600" k4="0.000000" periodicity1="1" periodicity2="2" periodicity3="3" periodicity4="4" phase1="0.00" phase2="3.141592653589793" phase3="0.00" phase4="3.141592653589793"/>
<Proper class1="H821" class2="C818" class3="C815" class4="C812" k1="0.000000" k2="0.000000" k3="0.627600" k4="0.000000" periodicity1="1" periodicity2="2" periodicity3="3" periodicity4="4" phase1="0.00" phase2="3.141592653589793" phase3="0.00" phase4="3.141592653589793"/>
<Proper class1="H821" class2="C818" class3="C815" class4="H816" k1="0.000000" k2="0.000000" k3="0.627600" k4="0.000000" periodicity1="1" periodicity2="2" periodicity3="3" periodicity4="4" phase1="0.00" phase2="3.141592653589793" phase3="0.00" phase4="3.141592653589793"/>
<Proper class1="H821" class2="C818" class3="C815" class4="H817" k1="0.000000" k2="0.000000" k3="0.627600" k4="0.000000" periodicity1="1" periodicity2="2" periodicity3="3" periodicity4="4" phase1="0.00" phase2="3.141592653589793" phase3="0.00" phase4="3.141592653589793"/>
<Proper class1="N807" class2="C805" class3="N804" class4="C801" k1="0.000000" k2="20.920000" k3="0.000000" k4="0.000000" periodicity1="1" periodicity2="2" periodicity3="3" periodicity4="4" phase1="0.00" phase2="3.141592653589793" phase3="0.00" phase4="3.141592653589793"/>
<Proper class1="N807" class2="C810" class3="C808" class4="N804" k1="0.000000" k2="22.489000" k3="0.000000" k4="0.000000" periodicity1="1" periodicity2="2" periodicity3="3" periodicity4="4" phase1="0.00" phase2="3.141592653589793" phase3="0.00" phase4="3.141592653589793"/>
<Improper class1="C801" class2="H800" class3="H802" class4="H803" k1="0.000000" k2="0.000000" k3="0.000000" k4="0.000000" periodicity1="1" periodicity2="2" periodicity3="3" periodicity4="4" phase1="0.00" phase2="3.141592653589793" phase3="0.00" phase4="3.141592653589793"/>
<Improper class1="C808" class2="H809" class3="C810" class4="N804" k1="0.000000" k2="10.460000" k3="0.000000" k4="0.000000" periodicity1="1" periodicity2="2" periodicity3="3" periodicity4="4" phase1="0.00" phase2="3.141592653589793" phase3="0.00" phase4="3.141592653589793"/>
<Improper class1="C801" class2="H800" class3="H802" class4="N804" k1="0.000000" k2="0.000000" k3="0.000000" k4="0.000000" periodicity1="1" periodicity2="2" periodicity3="3" periodicity4="4" phase1="0.00" phase2="3.141592653589793" phase3="0.00" phase4="3.141592653589793"/>
<Improper class1="C805" class2="N804" class3="H806" class4="N807" k1="0.000000" k2="10.460000" k3="0.000000" k4="0.000000" periodicity1="1" periodicity2="2" periodicity3="3" periodicity4="4" phase1="0.00" phase2="3.141592653589793" phase3="0.00" phase4="3.141592653589793"/>
<Improper class1="C810" class2="C808" class3="H811" class4="N807" k1="0.000000" k2="10.460000" k3="0.000000" k4="0.000000" periodicity1="1" periodicity2="2" periodicity3="3" periodicity4="4" phase1="0.00" phase2="3.141592653589793" phase3="0.00" phase4="3.141592653589793"/>
</PeriodicTorsionForce>
<NonbondedForce coulomb14scale="0.5" lj14scale="0.5">
<Atom type="opls_801" charge="-0.052900" sigma="0.350000" epsilon="0.276144" />
<Atom type="opls_803" charge="0.131700" sigma="0.250000" epsilon="0.125520" />
<Atom type="opls_802" charge="0.131700" sigma="0.250000" epsilon="0.125520" />
<Atom type="opls_814" charge="0.130800" sigma="0.250000" epsilon="0.125520" />
<Atom type="opls_818" charge="-0.210800" sigma="0.350000" epsilon="0.276144" />
<Atom type="opls_809" charge="0.229500" sigma="0.242000" epsilon="0.125520" />
<Atom type="opls_820" charge="0.095900" sigma="0.250000" epsilon="0.125520" />
<Atom type="opls_800" charge="0.131700" sigma="0.250000" epsilon="0.125520" />
<Atom type="opls_806" charge="0.249100" sigma="0.242000" epsilon="0.125520" />
<Atom type="opls_813" charge="0.130800" sigma="0.250000" epsilon="0.125520" />
<Atom type="opls_821" charge="0.095900" sigma="0.250000" epsilon="0.125520" />
<Atom type="opls_811" charge="0.229400" sigma="0.242000" epsilon="0.125520" />
<Atom type="opls_810" charge="-0.054900" sigma="0.355000" epsilon="0.292880" />
<Atom type="opls_804" charge="-0.203000" sigma="0.325000" epsilon="0.711280" />
<Atom type="opls_805" charge="0.101300" sigma="0.355000" epsilon="0.292880" />
<Atom type="opls_812" charge="-0.001900" sigma="0.350000" epsilon="0.276144" />
<Atom type="opls_817" charge="0.098500" sigma="0.250000" epsilon="0.125520" />
<Atom type="opls_819" charge="0.095900" sigma="0.250000" epsilon="0.125520" />
<Atom type="opls_807" charge="-0.197300" sigma="0.325000" epsilon="0.711280" />
<Atom type="opls_816" charge="0.098500" sigma="0.250000" epsilon="0.125520" />
<Atom type="opls_815" charge="-0.174200" sigma="0.350000" epsilon="0.276144" />
<Atom type="opls_808" charge="-0.055700" sigma="0.355000" epsilon="0.292880" />
</NonbondedForce>
</ForceField>
